date,       link,                  time, program,   solver,             puzzle, format
2019-05-04, qyaYU6AV5Sg,     10m 11.87s, MC4D,      tetrian,            3x3x3x3, single
2019-05-04, qyaYU6AV5Sg,     10m 11.87s, MC4D,      tetrian,            3x3x3x3, nf
2019-05-19, TPaW0RUJrFk,  1h 12m 07.65s, MC4D,      tetrian,            4x4x4x4, single
2019-08-11, aZ6GQOmgYD8,      2m 26.00s, -,         connor,             phys_2x2x2x2, single
2021-07-24, z__CuN5CgAY,      1m 43.44s, MC4D,      tetrian,            3-layer_simplex, single
2021-07-24, s8Kj2h8YCkY,      1m 00.80s, MC4D,      tetrian,            2x2x2x2, single
2021-11-15, mgfhSL2fi7E,      2m 16.54s, -,         rowan,              phys_2x2x2x2, single
2021-12-06, tOaBQs34oB0,      2m 05.27s, -,         rowan,              phys_2x2x2x2, single
2021-12-09, I9hnsif4ImE,      2m 03.58s, -,         rowan,              phys_2x2x2x2, single
2021-12-11, 2SWo0zMlg8I,      2m  0.66s, -,         rowan,              phys_2x2x2x2, single
2021-12-11, JJPJ7hgNLJU,      1m 56.75s, -,         rowan,              phys_2x2x2x2, single
2022-05-07, RuUc26S5xpw,      1m 46.24s, -,         rowan,              phys_2x2x2x2, single
2022-06-20, FSpuv9FJorw,      1m 28.14s, -,         rowan,              phys_2x2x2x2, single
2022-07-01, ClqLrac3Ib4,      6m 25.12s, -,         rowan,              phys_2x2x2x2, oh
2022-08-02, XDW7wi4ryPE,      1m 27.17s, -,         rowan,              phys_2x2x2x2, single
2022-08-07, uEnk2yrJN7I,      1m 23.28s, -,         grant,              phys_2x2x2x2, single
2022-08-12, X_FY-CUfvUI,      1m 07.57s, -,         grant,              phys_2x2x2x2, single
2022-09-17, i8Dkpk6QEpE,      1m 18.24s, -,         rowan,              phys_2x2x2x2, single
2022-09-18, _qqXVKOVkAI,      1m 06.04s, -,         grant,              phys_2x2x2x2, single
2022-10-01, RU3ca_0Ea3w,      3m 55.62s, -,         grant,              phys_2x2x2x2, oh
2022-10-03, eIEu38wsjtM,         56.65s, -,         grant,              phys_2x2x2x2, single
2022-11-06, U7AgKxkaG0U,      9m 05.82s, HSC,       hactar,             3x3x3x3, single
2022-11-08, Ba4fZIL9sWs,         54.84s, -,         grant,              phys_2x2x2x2, single
2022-11-15, ehmibXcJnpw,      2m 11.47s, -,         hyperespy,          phys_2x2x2x2, single
2022-11-18, FCvn9-JvXgY,      8m 58.82s, HSC,       rowan,              3x3x3x3, single
2022-11-18, j8rhsXzyP78,      8m 23.59s, HSC,       hactar,             3x3x3x3, single
2022-11-19, L43wlyaoyAM,      8m 15.35s, HSC,       hactar,             3x3x3x3, single
2022-11-19, otPqH-m22Xg,      8m 02.53s, HSC,       hactar,             3x3x3x3, single
2022-11-19, gRWemTTFSik,      7m 43.33s, HSC,       hactar,             3x3x3x3, single
2022-11-21, NwRLRdkJBF8,      7m 36.32s, HSC,       grant,              3x3x3x3, single
2022-11-21, 26fvxDQPNwE,      7m 02.17s, HSC,       hactar,             3x3x3x3, single
2022-11-22, UTISMKUW06I,      6m 46.21s, HSC,       grant,              3x3x3x3, single
2022-11-22, p6_hGg7liLg,      6m 38.92s, HSC,       hactar,             3x3x3x3, single
2022-11-23, 5SeTzLDTb2g,     44m 40.42s, HSC,       luna,               4x4x4x4, single
2022-11-23, aQAGH2g7It8,      6m 36.38s, HSC,       grant,              3x3x3x3, single
2022-11-23, Cr9FnV1HOSE,      5m 32.98s, HSC,       hactar,             3x3x3x3, single
2022-11-24, m1Itso7nOM8,     12m 13.26s, HSC,       alvin,              3x3x3x3, single
2022-11-25, licHhb2R_EE,      5m 25.14s, HSC,       grant,              3x3x3x3, single
2022-11-25, st7bV8y_vUY,      5m 23.82s, HSC,       grant,              3x3x3x3, single
2022-11-26, nzpLgx_x3bs,      5m 01.92s, HSC,       grant,              3x3x3x3, single
2022-11-26, 8NamawdeMXU,      4m 58.14s, HSC,       hactar,             3x3x3x3, single
2022-11-27, GEr2keT4cB8,      4m 52.94s, HSC,       grant,              3x3x3x3, single
2022-11-29, 4_8RjkUkv-g,      4m 50.73s, HSC,       hactar,             3x3x3x3, single
2022-11-30, gFkfXyHy-QA,      4m 43.86s, HSC,       grant,              3x3x3x3, single
2022-12-01, FmJYI0IImyI,      4m 30.88s, HSC,       hactar,             3x3x3x3, single
2022-12-01, JSH4FH5cv-w,      6m 31.02s, HSC,       rowan,              3x3x3x3, single
2022-12-02, S6mFXj9HnXA,      4m 10.84s, HSC,       grant,              3x3x3x3, single
2022-12-02, s8l4jnMz6p4,     24m 46.95s, HSC,       weill,              3x3x3x3, single
2022-12-03, xk4IUAtKEo8,      4m 09.19s, HSC,       grant,              3x3x3x3, single
2022-12-03, QDabSnE1I4A,      4m 02.60s, HSC,       grant,              3x3x3x3, single
2022-12-04, k6nSP8EPU7I,     32m 46.55s, HSC,       grant,              4x4x4x4, single
2022-12-04, QWvQvvbNS2c,     29m 54.82s, HSC,       luna,               4x4x4x4, single
2022-12-07, 1t2P3CL-glo,  1h 31m 38.50s, HSC,       luna,               5x5x5x5, single
2022-12-07, hjn7iu6zs4E,      3m 58.29s, HSC,       grant,              3x3x3x3, single
2022-12-10, VlGilGp8SCg,      3m 55.32s, HSC,       grant,              3x3x3x3, single
2022-12-13, w_-06L6oCdE,      3m 45.69s, HSC,       grant,              3x3x3x3, single
2022-12-14, MkhTQHIlDcQ,      3m 34.43s, HSC,       grant,              3x3x3x3, single
2022-12-14, QdTa7Be-Iw8,      3m 23.26s, HSC,       grant,              3x3x3x3, single
2022-12-15, Al8w9-Xk3n8,      3m 21.52s, HSC,       grant,              3x3x3x3, single
2022-12-16, XeRkVqDJ1jk,      3m 52.00s, HSC,       grant,              3x3x3x3, ao5
2022-12-17, 2k7Gz8avg0E,     23m 50.75s, HSC,       grant,              4x4x4x4, single
2022-12-20, peONIUD98wk,      3m 16.44s, HSC,       grant,              3x3x3x3, single
2022-12-20, QNjG5DUqn8g,     21m 37.07s, HSC,       grant,              4x4x4x4, single
2022-12-21, W0efQkhPSzY,      3m 13.97s, HSC,       grant,              3x3x3x3, single
2022-12-21, h2hTGc5Vztk,      3m 06.06s, HSC,       grant,              3x3x3x3, single
2022-12-21, 4tqXxtdtXms,         50.95s, HSC,       grant,              2x2x2x2, single
2022-12-22, kRBj6ScH8Ng,      2m 59.97s, HSC,       hactar,             3x3x3x3, single
2022-12-23, 9lMbBnA0tVE,      2m 59.34s, HSC,       grant,              3x3x3x3, single
2022-12-23, B-VdP5h3fKo,     20m 18.48s, HSC,       grant,              4x4x4x4, single
2022-12-23, B-VdP5h3fKo,     20m 18.48s, HSC,       grant,              4x4x4x4, single
2022-12-24, EPAof7Hwrak,     19m 57.08s, HSC,       grant,              4x4x4x4, single
2022-12-28, YRzjvrPVq7Q,     19m 17.70s, HSC,       grant,              4x4x4x4, single
2022-12-29, bJndxs7QGyg,     18m 53.84s, HSC,       grant,              4x4x4x4, single
2022-12-30, XwBNgjB9ZQI,     57m 43.65s, HSC,       grant,              5x5x5x5, single
2022-12-30, pabZjfrsC-8,      2m 42.81s, HSC,       hactar,             3x3x3x3, single
2022-12-31, 7M1JZ1-q4HI,      3m 02.78s, HSC,       hactar,             3x3x3x3, ao5
2022-12-31, Pf0RPEprHDQ,  3h 15m 46.11s, HSC,       luna,               6x6x6x6, single
2022-12-31, 4pjy5EwFSJg,     17m 21.34s, HSC,       grant,              4x4x4x4, single
2023-01-01, KsRoTcOQ-IY,     23m 26.72s, HSC,       hactar,             4x4x4x4, single
2023-01-01, n3R2qIP2yPU,         49.98s, HSC,       grant,              2x2x2x2, single
2023-01-01, BJh_CMfkMtI,         48.52s, HSC,       grant,              2x2x2x2, single
2023-01-02, d1beXWPKQaI,         44.75s, HSC,       grant,              2x2x2x2, single
2023-01-03, H9oFcK3paz0,      2m 41.22s, HSC,       hactar,             3x3x3x3, single
2023-01-03, EEapFcWRnU8,     17m 14.76s, HSC,       hactar,             4x4x4x4, single
2023-01-03, 6PPG-ewLYfM,  1h 04m 03.18s, HSC,       hactar,             5x5x5x5, single
2023-01-03, ksJ9v262T5w,     15m 59.75s, HSC,       grant,              4x4x4x4, single
2023-01-03, mLV8gsbr84A,     15m 44.92s, HSC,       grant,              4x4x4x4, single
2023-01-04, olpjEnRlBbw,     55m 13.04s, HSC,       hactar,             5x5x5x5, single
2023-01-04, 2Tp8HZw2GZw,     16m 47.07s, HSC,       hactar,             4x4x4x4, single
2023-01-04, 1WFIZHuxhYE,     15m 28.21s, HSC,       hactar,             4x4x4x4, single
2023-01-04, b4zOy7xk4uA,     49m 52.50s, HSC,       grant,              5x5x5x5, single
2023-01-04, FwZUAQaqdnM,     15m 18.84s, HSC,       grant,              4x4x4x4, single
2023-01-04, UF02k5xkEPU,     14m 39.13s, HSC,       grant,              4x4x4x4, single
2023-01-04, mXQj55mNyA4,      6m 25.04s, HSC,       rowan,              3x3x3x3, single
2023-01-04, bEffS6BZ6Wo,      5m 58.30s, HSC,       rowan,              3x3x3x3, single
2023-01-05, f1KrsWIvMYc,     14m 38.91s, HSC,       hactar,             4x4x4x4, single
2023-01-05, UF02k5xkEPU,     14m 39.13s, HSC,       grant,              4x4x4x4, single
2023-01-05, Oqu6DjCHZbo,     14m 10.44s, HSC,       grant,              4x4x4x4, single
2023-01-05, 4ehj0gmGoV8,     14m 00.76s, HSC,       grant,              4x4x4x4, single
2023-01-05, cukrSjxYWTk,      5m 51.33s, HSC,       rowan,              3x3x3x3, single
2023-01-05, FQ036hBDQR4,      5m 48.12s, HSC,       rowan,              3x3x3x3, single
2023-01-05, Bs4p1E3hZRQ,      5m 45.18s, HSC,       rowan,              3x3x3x3, single
2023-01-05, LU89AsL2pow,      5m 27.17s, HSC,       rowan,              3x3x3x3, single
2023-01-05, xTt-x6Jz8j4,     41m 59.32s, HSC,       grant,              5x5x5x5, single
2023-01-06, ojT5uEyHYns,      5m 48.73s, HSC,       luna,               3x3x3x3, single
2023-01-06, i8EMQ8okio4,     13m 21.36s, HSC,       grant,              4x4x4x4, single
2023-01-06, 99_DW8wPMzg,      5m 21.88s, HSC,       rowan,              3x3x3x3, single
2023-01-06, XJBWLuSSv_I,      5m 02.29s, HSC,       rowan,              3x3x3x3, single
2023-01-08, zWNz4V2bbpQ,     13m 58.65s, HSC,       hactar,             4x4x4x4, single
2023-01-08, q9G5S3d6DFI,      2m 39.47s, HSC,       hactar,             3x3x3x3, single
2023-01-08, B4x2dvRQrlw,     13m 17.78s, HSC,       grant,              4x4x4x4, single
2023-01-09, ic-dY64zG_I,      6m 58.67s, HSC,       adam,               3x3x3x3, single
2023-01-09, 0cDdBok5cIw,      5m 44.86s, HSC,       adam,               3x3x3x3, single
2023-01-09, 9iROTxt2dN8,      4m 55.27s, HSC,       rowan,              3x3x3x3, single
2023-01-09, QiOto9BDpig,      4m 50.97s, HSC,       rowan,              3x3x3x3, single
2023-01-11, 52O0SrN1XOQ,      4m 42.19s, HSC,       rowan,              3x3x3x3, single
2023-01-10, g6za1EUXxE0,      4m 34.62s, HSC,       adam,               3x3x3x3, single
2023-01-09, AyDDKsxcZqg,     22m 25.49s, HSC,       koen,               3x3x3x3, single
2023-01-11, nozw5QzImrA,      2m 29.73s, HSC,       hactar,             3x3x3x3, single
2023-01-12, GOCw_7XFYk4,     13m 34.55s, HSC,       hactar,             4x4x4x4, single
2023-01-12, KbK1WwdBysk,     13m 13.65s, HSC,       hactar,             4x4x4x4, single
2023-01-12, swLbg8NAx3Q,      4m 38.75s, HSC,       rowan,              3x3x3x3, single
2023-01-12, O4OIobwI5oY,  2h 16m 26.54s, HSC,       grant,              6x6x6x6, single
2023-01-12, H_PjS1kTLmg,     12m 33.75s, HSC,       grant,              4x4x4x4, single
2023-01-12, -ONUyJeTFSg,     44m 25.04s, HSC,       hactar,             5x5x5x5, single
2023-01-12, ZFRuk_oSjKM,     39m 03.51s, HSC,       grant,              5x5x5x5, single
2023-01-12, QSCIGmSABVY,      3m 49.30s, HSC,       adam,               3x3x3x3, single
2023-01-13, _bMkaHA4ZFs,     12m 28.14s, HSC,       hactar,             4x4x4x4, single
2023-01-13, eHDN2TicLcE,     12m 25.22s, HSC,       hactar,             4x4x4x4, single
2023-01-13, rqbR5I43G4M,     11m 42.85s, HSC,       hactar,             4x4x4x4, single
2023-01-13, -L43UAoGNmk,     11m 39.60s, HSC,       hactar,             4x4x4x4, single
2023-01-13, 7CTL0pjRG4w,     11m 22.35s, HSC,       hactar,             4x4x4x4, single
2023-01-13, xUU8CC7xmGY,     43m 15.78s, HSC,       hactar,             5x5x5x5, single
2023-01-14, AJh3AOKyX1E,     11m 54.53s, HSC,       grant,              4x4x4x4, single
2023-01-14, GCybCB9PC8o,     11m 44.56s, HSC,       grant,              4x4x4x4, single
2023-01-16, llaOZYJ4cUw,         43.54s, HSC,       adam,               2x2x2x2, single
2023-01-16, RiQJhLsLo6Q,         39.40s, HSC,       adam,               2x2x2x2, single
2023-01-12, brIlUqm8StQ,      4m 27.70s, HSC,       rowan,              3x3x3x3, single
2023-01-12, 3U3wqyxmBM4,      4m 20.02s, HSC,       rowan,              3x3x3x3, single
2023-01-17, 62HWyvdgTEA,     11m 16.71s, HSC,       grant,              4x4x4x4, single
2023-01-17, rxnMhbPmf-E,     34m 33.54s, HSC,       grant,              5x5x5x5, single
2023-01-18, i92ywhxPUW4,     40m 04.76s, HSC,       hactar,             5x5x5x5, single
2023-01-18, UDj1Z8f6GkQ,  1h 38m 45.28s, HSC,       grant,              6x6x6x6, single
2023-01-19, yh_VfAj0JZM,      8m 15.42s, MC4D,      grant,              3-layer_simplex, single
2023-01-20, EnTw_0gIjAM,     33m 47.21s, HSC,       grant,              5x5x5x5, single
2023-01-21, JRBA1wgwrGE,  4h 39m 59.94s, HSC,       hactar,             7x7x7x7, single
2023-01-22, x46AeM3WZt0,  3h 27m 17.51s, HSC,       grant,              7x7x7x7, single
2023-01-23, LgQn5VwOOTE,     31m 06.98s, HSC,       grant,              5x5x5x5, single
2023-01-23, yWhzox9UowA,      2m 14.04s, MC4D,      rowan,              3-layer_simplex, single
2023-01-24, LD5QMmJ59ZA,      6m 11.01s, MC4D,      grant,              3-layer_simplex, single
2023-01-25, pj9wdn2N2-k,      1m 43.45s, MC4D,      rowan,              3-layer_simplex, single
2023-01-26, 6bK_JCjptKA,      1m 30.46s, MC4D,      rowan,              3-layer_simplex, single
2023-01-29, DiKVlWnkLMA,     11m 13.68s, HSC,       grant,              4x4x4x4, single
2023-01-30, fUQDZrJc7fA,     10m 44.23s, HSC,       grant,              4x4x4x4, single
2023-02-01, 5qKbs4vMg5s,     29m 58.51s, HSC,       grant,              5x5x5x5, single
2023-02-02, 070wpxcYv8Q,  1h 29m 29.90s, HSC,       grant,              6x6x6x6, single
2023-02-16, G36FdhIFykE,     10m 33.21s, HSC,       grant,              4x4x4x4, single
2023-02-18, hQA0LWWAZPI,      2m 26.46s, HSC,       hactar,             3x3x3x3, single
2023-02-18, YWN_76EBUow,      2m 39.64s, HSC,       hactar,             3x3x3x3, ao5
2023-02-18, Q_N8O_hAOlY,     10m 03.55s, HSC,       grant,              4x4x4x4, single
2023-02-21, l6aL7oAFOLk,      4m 12.92s, HSC,       rowan,              3x3x3x3, single
2023-02-21, vPiTyP2ZMtk,     28m 58.95s, HSC,       grant,              5x5x5x5, single
2023-02-23, BmqDHmlsGec,      9m 50.70s, HSC,       grant,              4x4x4x4, single
2023-02-24, 6xT1PNnTNEI,      2m 41.26s, HSC,       grant,              3x3x3x3, single
2023-02-24, CMqS46aXcuI,      3m 01.41s, HSC,       grant,              3x3x3x3, ao5
2023-02-25, z1rYqGrCvyQ,      2m 37.88s, HSC,       grant,              3x3x3x3, single
2023-02-25, 7nFmTgpqsxo,      2m 30.68s, HSC,       grant,              3x3x3x3, single
2023-03-03, 1EJOe_MSHbI,  1h 23m 25.52s, HSC,       grant,              6x6x6x6, single
2023-03-08, NErcg6OBdyE,      2m 21.01s, HSC,       grant,              3x3x3x3, single
2023-03-08, SXp8wnUnKYM,         36.23s, HSC,       grant,              2x2x2x2, single
2023-03-09, kf1ARFimzDY,      3m 29.74s, MC4D,      grant,              3-layer_simplex, single
2023-03-10, m0uM4FMZO7Q,      2m 35.94s, HSC,       grant,              3x3x3x3, ao5
2023-03-10, qn4XTJHJoR8,      2m 36.42s, MC4D,      grant,              3-layer_simplex, single
2023-03-11, AWJ5TOo9-w8,      2m 17.97s, HSC,       hactar,             3x3x3x3, single
2023-03-12, ao8KbJuMhDs,      6m 14.88s, -,         rowan,              phys_2x2x2x2, oh
2023-03-12, ITiIO6J5mbQ,      5m 35.29s, -,         rowan,              phys_2x2x2x2, oh
2023-03-14, IX03Z-FtdnE,      2m 16.37s, MC4D,      grant,              3-layer_simplex, single
2023-03-14, d39sWJ7yAfM,      1m 48.76s, MC4D,      grant,              3-layer_simplex, single
2023-03-15, OrwPbHLGLO0,      1m 43.19s, MC4D,      grant,              3-layer_simplex, single
2023-03-15, RTyC-Gmm-9s,      1m 34.16s, MC4D,      grant,              3-layer_simplex, single
2023-03-15, MD18ru7nAVI,      1m 31.11s, MC4D,      grant,              3-layer_simplex, single
2023-03-15, fFJVEfFA-uo,      1m 17.70s, MC4D,      grant,              3-layer_simplex, single
2023-03-16, SCkKA-ua2AQ,      2m 11.33s, HSC,       grant,              3x3x3x3, single
2023-03-17, QkFR1WzMCzc,     28m 14.31s, HSC,       grant,              5x5x5x5, single
2023-03-18, nFOb5ueM6sQ,      4m 30.57s, MT,        luna,               hemimegaminx, single
2023-03-18, uk_I82NLuwY,      2m 54.05s, MT,        luna,               hemimegaminx, single
2023-03-18, 8ldHKvKunyw,      3m 35.86s, MT,        grant,              hemimegaminx, single
2023-03-18, o5Xa6v0y9J8,      2m 19.99s, MT,        grant,              hemimegaminx, single
2023-03-18, ktjpFhnArHE,      2m 11.57s, MT,        luna,               hemimegaminx, single
2023-03-18, Jry6rXRHgmc,      2m 06.52s, MT,        luna,               hemimegaminx, single
2023-03-19, hKelDJ4rkLI,      1m 51.94s, MT,        grant,              hemimegaminx, single
2023-03-20, 1GfM06GsWp4,      1m 27.39s, MPU,       grant,              1x3x3x3, single
2023-03-30, Nty_vtso5Pk,      1m 42.40s, -,         cubedude,           phys_2x2x2x2, single
2023-03-29, P8AG5AGeu40,     17m 11.75s, AKKEI-SIM, grant,              virt_phys_3x3x3x3, single
2023-04-04, 23dSS3ojZoE,     47m 43.81s, AKKEI-SIM, hyperespy,          virt_phys_3x3x3x3, single
2023-04-04, M6Jb5v-xAuE,     14m 33.06s, AKKEI-SIM, grant,              virt_phys_3x3x3x3, single
2023-04-08, RAiktXK9q8g,      2m 35.29s, HSC,       hactar,             3x3x3x3, ao5
2023-04-08, 4Ai_cuY6XSs,      2m 07.30s, HSC,       hactar,             3x3x3x3, single
2023-04-08, EpM23Rxmt1Y,      2m 33.10s, HSC,       hactar,             3x3x3x3, ao5
2023-04-09, lOsFAVkSxKc,     12m 05.25s, AKKEI-SIM, grant,              virt_phys_3x3x3x3, single
2023-04-10, uczWb9zmwq4,      2m 28.05s, HSC,       grant,              3x3x3x3, ao5
2023-04-12, RbxinDf2wv8,     44m 41.49s, AKKEI-SIM, hyperespy,          virt_phys_3x3x3x3, single
2023-04-12, zLmOY8gM1zs,     11m 30.66s, AKKEI-SIM, grant,              virt_phys_3x3x3x3, single
2023-04-18, OXPmZOEf9IE,     10m 58.78s, AKKEI-SIM, grant,              virt_phys_3x3x3x3, single
2023-04-20, R15N-WjDwU4,     10m 54.21s, AKKEI-SIM, grant,              virt_phys_3x3x3x3, single
2023-04-20, oDCqOAPATgA,     10m 30.07s, AKKEI-SIM, grant,              virt_phys_3x3x3x3, single
2023-04-21, -uFD_WwX4po,      2m 03.83s, HSC,       grant,              3x3x3x3, single
2023-04-22, k15vLZCIilU,      2m 26.16s, HSC,       hactar,             3x3x3x3, ao5
2023-04-22, PtXvGfoezWs,      2m 05.30s, HSC,       hactar,             3x3x3x3, single
2023-04-22, 4JMCN548LV4,      2m 20.19s, HSC,       hactar,             3x3x3x3, ao5
2023-04-25, 64fP1z2m6Jc,      9m 47.42s, HSC,       grant,              4x4x4x4, single
2023-04-25, fmCI0vlKTrU,      8m 55.68s, HSC,       grant,              4x4x4x4, single
2023-04-26, iWuBfNMeoWE,      8m 52.97s, HSC,       grant,              4x4x4x4, single
2023-04-27, oyYFe5GSEUE,     27m 08.97s, HSC,       grant,              5x5x5x5, single
2023-05-03, c4vTxQZcmDk,      9m 58.95s, AKKEI-SIM, grant,              virt_phys_3x3x3x3, single
2023-05-05, https://www.loom.com/share/a0e16bba46eb49b097ffe8657595eed4, 55m 06.00s, AKKEI-SIM, kevin, virt_phys_3x3x3x3, single
2023-05-06, ejbcyheNJiU,     25m 11.08s, HSC,       grant,              5x5x5x5, single
2022-08-08, lBssOimXaFE,     47m 14.00s, -,         asa,                phys_2x2x2x2, bld
2022-03-17, zJS5bn7Hmto,  1h 21m 17.68s, MC4D,      yuste,              3x3x3x3, bld
2019-10-12, b1r6sBgTIoE,     14m 41.55s, MC4D,      gray,               2x2x2x2, bld
2023-05-09, JCRQsKqWL-o,  1h 19m 30.89s, HSC,       grant,              6x6x6x6, single
2023-05-10, AejkKnh2ut4,  1h 12m 22.58s, HSC,       grant,              6x6x6x6, single
2023-05-11, ahKlBFZmkYk,         34.95s, HSC,       grant,              2x2x2x2, single
2023-05-12, yg86g4-10I0,      2m 18.18s, HSC,       hactar,             3x3x3x3, ao5
2023-05-13, SrrmSdtOt14,      1m 56.42s, HSC,       hactar,             3x3x3x3, single
2023-05-13, rq448vFu1dM,     23m 42.58s, HSC,       grant,              5x5x5x5, single
2023-05-15, BTBhZZSYFpY,  1h  4m 57.88s, HSC,       grant,              6x6x6x6, single
2023-05-16, ED-CxpM76yU,         34.59s, HSC,       grant,              2x2x2x2, single
2023-05-20, ecIo0eD7BxU,         34.17s, HSC,       grant,              2x2x2x2, single
2023-05-20, lg4Rm_Wh9Qw,         33.34s, HSC,       grant,              2x2x2x2, single
2023-05-23, bPVrqBQmRQk,  1h  3m 23.50s, HSC,       grant,              6x6x6x6, single
2023-05-23, RDFJSIQ8uJ0,         31.64s, HSC,       grant,              2x2x2x2, single
2023-05-24, KhEzYs9vwuo,         28.51s, HSC,       grant,              2x2x2x2, single
2023-05-27, sL20osNa5I8,     23m 19.10s, HSC,       grant,              5x5x5x5, single
2023-05-29, uHhPlIZ2PGU,     22m 11.78s, HSC,       grant,              5x5x5x5, single
2023-05-29, 3aSo8sjhBUs,  1h  0m 31.15s, HSC,       grant,              6x6x6x6, single
2023-05-31, b4ChatHg8AM,  2h 11m 41.97s, HSC,       grant,              7x7x7x7, single
2023-05-31, 1-W78yF5eHM,      1m 24.34s, MPU,       luna,               1x3x3x3, single
2023-05-31, bfXTiTIip-k,      1m 02.91s, MPU,       luna,               1x3x3x3, single
2023-05-31, RKoZfNSLCGs,      1m 00.93s, MPU,       hactar,             1x3x3x3, single
2023-05-31, iwFQTZnhqhk,      1m 15.58s, MPU,       rowan,              1x3x3x3, single
2023-06-02, fljQSZgPTUg,     21m 44.12s, HSC,       grant,              5x5x5x5, single
2023-06-02, Ri0eBwzbRJE,     56m 03.94s, HSC,       grant,              6x6x6x6, single
2023-06-06, ADe3-T-hkmo,     20m 13.86s, HSC,       olaf,               3x3x3x3, single
2023-06-06, cL5RmBX-XQg,     17m 46.64s, HSC,       olaf,               3x3x3x3, single
2023-06-07, UjJEtBTvR9E,     13m 56.31s, HSC,       olaf,               3x3x3x3, single
2023-06-08, YRNwPoReYz0,     11m 10.75s, HSC,       olaf,               3x3x3x3, single
2023-06-09, PxqEWMKzHSw,     10m 33.56s, HSC,       olaf,               3x3x3x3, single
2023-06-10, HAU44_mZPn8,      9m 44.25s, HSC,       olaf,               3x3x3x3, single
2023-06-11, 06FYcnJ2_6g,      8m 38.36s, HSC,       olaf,               3x3x3x3, single
2023-06-11, wpXmJrI48R8,     20m 12.92s, HSC,       void,               3x3x3x3, single
2023-06-12, CvX6ozCVKys,      7m 55.60s, HSC,       olaf,               3x3x3x3, single
2023-06-28, t2sK39vuSmk,     17m 19.92s, HSC,       void,               3x3x3x3, single
2023-06-28, t2sK39vuSmk,     17m 19.92s, HSC,       void,               3x3x3x3, single
2022-12-02, TPbJAP82Fno,     15m 45.39s, MC3D,      markk,              3x3x3_1d, single
2023-07-03, XeRAYpf8Tqw,      7m 34.18s, MC3D,      grant,              3x3x3_1d, single
2023-07-03, RCO9Fawp7Y4,      5m 33.39s, HSC,       grant,              3x3x3x3, nf
2023-07-03, 35VjKjeWSCg,      5m 16.01s, HSC,       grant,              3x3x3x3, nf
2023-07-04, ULlDZxWC7mk,      6m 24.39s, MC3D,      grant,              3x3x3_1d, single
2023-07-04, txgOhBHjKaY,      5m 10.71s, MC3D,      grant,              3x3x3_1d, single
2023-07-04, dwYodrQgKHg,      4m 20.21s, MC3D,      grant,              3x3x3_1d, single
2023-07-05, lsCk5keMWLU,      3m 22.20s, MC3D,      grant,              3x3x3_1d, single
2023-07-06, roZdgUpJfvY,      4m 10.39s, HSC,       rowan,              3x3x3x3, single
2023-07-08, _Z8qO2i1FlE,      1m 40.30s, -,         origamist,          phys_2x2x2x2, single
2023-07-17, 4L-gCZlWAaU,     15m 22.62s, HSC,       tymofro,            3x3x3x3, single
2023-07-18, WJf4uhtQEMI,  1h 58m 21.23s, HSC,       grant,              7x7x7x7, single
2023-07-13, R2ngXs9dVLQ,      4m 07.83s, HSC,       rowan,              3x3x3x3, single
2023-07-20, oGPEnVKT9-c,     21m 40.87s, HSC,       grant,              5x5x5x5, single
2023-07-21, Zyyt7J1eVDs,     12m 48.46s, HSC,       tymofro,            3x3x3x3, single
2023-07-22, bjILjlmZoio,     10m 41.57s, HSC,       tymofro,            3x3x3x3, single
2023-07-22, zaTLgeDAOFw,      9m 08.77s, HSC,       tymofro,            3x3x3x3, single
2023-07-22, tvVuZFT3jU8,     20m 48.93s, HSC,       grant,              5x5x5x5, single
2023-07-25, xhS16iej5Ok,     34m 00.12s, HSC,       tymofro,            4x4x4x4, single
2023-07-26, F9i6o3k5ABA,     20m 17.28s, HSC,       grant,              5x5x5x5, single
2023-07-27, wlWdlq_a05U,      7m 19.72s, HSC,       tymofro,            3x3x3x3, single
2023-07-27, gaBJShR4u8w,     19m 57.61s, HSC,       grant,              5x5x5x5, single
2023-07-27, CDrpyEjgrOg,      8m 32.56s, HSC,       grant,              4x4x4x4, single
2023-07-31, TU5S5TPDbog,      6m 54.54s, HSC,       tymofro,            3x3x3x3, single
2023-07-31, Py-piV263Mg,      8m 30.66s, HSC,       grant,              4x4x4x4, single
2023-08-01, Bc3gRz48i5c,      7m 55.77s, HSC,       grant,              4x4x4x4, single
2023-08-02, 8O0YmAdJstg,     26m 09.96s, HSC,       tymofro,            4x4x4x4, single
2023-08-12, OfmH62is4Dc,      4m 02.82s, HSC,       rowan,              3x3x3x3, single
2023-08-15, VZl_iApw7W0,      3m 28.22s, HSC,       adam,               3x3x3x3, single
2023-08-15, VZl_iApw7W0,      3m 58.96s, HSC,       adam,               3x3x3x3, ao5
2023-08-16, c3L8RSbqnnI,      6m 22.38s, HSC,       tymofro,            3x3x3x3, single
2023-08-16, ABPm1N1F_Vk,      2m 01.93s, -,         tymofro,            phys_2x2x2x2, single
2023-08-17, s_yGYpFB8R4,         54.52s, HSC,       tymofro,            2x2x2x2, single
2023-08-21, LyAuoZqpGfY,      5m 41.88s, HSC,       tymofro,            3x3x3x3, single
2023-08-22, x-aMzC9gHqQ,      4m 33.15s, HSC,       tymofro,            3x3x3x3, single
2023-08-30, uZpmCn9iGJE?t=1h13m30s, 2h 51m 54s, HSC, hactar,            6x6x6x6, single
2023-09-17, RJ7e1_PxeW0,       1m 26.10s, -,        tymofro,            phys_2x2x2x2, single
2023-09-20, D7sZl_bAtMU,       4m 54.39s, HSC,      edan,               3x3x3x3, single
2023-09-23, rTgxBHHt0Ak,          26.49s, HSC,      adam,               2x2x2x2, single
2023-10-01, evhr87J66zo,   1h 27m 10.78s, HSC,      tymofro,            5x5x5x5, single
2023-10-08, IZlEa0YBTBA,       2m 56.98s, -,        tymofro,            phys_2x2x2x2, oh
2023-10-12, 71EeEOsXyVo,       3m 53.23s, HSC,      edan,               3x3x3x3, single
2023-10-25, T1MVA03HSBw,       9m 52.04s, HSC,      myigiter,           3x3x3x3, ao5
2023-10-25, T1MVA03HSBw?t=1346s, 9m 32.68s, HSC,    myigiter,           3x3x3x3, single
2023-10-29, Pu-wDjYdz5U,       9m 54.04s, HSC,      battistin,          3x3x3x3, single
2023-10-31, _nGfPD-YGnk,       8m 38.99s, HSC,      battistin,          3x3x3x3, single
2023-11-02, kzRoWZc2j9Q,       8m 18.63s, HSC,      battistin,          3x3x3x3, single
2023-11-04, hNWsKQmArkM,       7m 54.79s, HSC,      battistin,          3x3x3x3, single
2023-11-04, gOdrzT-7MAk,       1m 19.64s, MPU,      tymofro,            1x3x3x3, single
2023-11-05, l-wY_SiH2Og,       7m 24.84s, HSC,      battistin,          3x3x3x3, single
2023-11-06, bs6oIkKCQeE,       6m 19.69s, HSC,      battistin,          3x3x3x3, single
2023-11-10, 2YDTJ6pPwi0,       1m 06.71s, MPU,      tymofro,            1x3x3x3, single
2023-11-07, lvTLmdc1YQM,       1m 19.68s, -,        tymofro,            phys_2x2x2x2, single
2023-11-11, q3nDUfcsmAk,          57.46s, MPU,      tymofro,            1x3x3x3, single
2023-11-10, ZIgGori6nFM,      59m 55.81s, HSC,      battistin,          4x4x4x4, single
2024-01-21, UrGPHa6K4Kk,       1m 31.46s, -,      danielcohen,        phys_2x2x2x2, single
2024-01-22, NzdnhFx4fuc,       4m 02.37s, HSC,      rowan,              3x3x3x3, single
2024-01-24, aNKQOBKEPUM,       3m 55.65s, HSC,      rowan,              3x3x3x3, single
2024-01-25, RkuC2oPCKdE,       4m 08.70s, HSC,      tymofro,            3x3x3x3, single
2024-01-27, _UzbQ9PNDz8,      14m 39.68s, HSC,      ethandavis,         3x3x3x3, single
2024-01-28, MqDiqdas_0I,       3m 45.38s, HSC,      rowan,              3x3x3x3, single
2024-01-30, Cc89UGu-ha4,       8m 31.14s, HSC,      pkearth,            3x3x3x3, single
2024-02-12, GqGpEgfqIRk,       3m 53.45s, HSC,      tymofro,            3x3x3x3, single
2024-02-13, u-gcnW_ZQmU,       3m 22.80s, HSC,      edan,               3x3x3x3, single
2024-03-06, 6Tez6T6YJqE,       1m 47.69s, MT,       milojacquet,        hemimegaminx, single
2024-03-11, aUTQ8tLEZoA,      11m 12.84s, HSC,      hactar,             4x4x4x4, single
2024-03-15, MCBQJOjkBpg,      10m 05.47s, HSC,      hactar,             4x4x4x4, single
2024-03-17, 2laArWGh5tY,       9m 44.50s, HSC,      hactar,             4x4x4x4, single
2024-03-19, bf__m479QjY,          45.37s, HSC,      tymofro,            2x2x2x2, single
2024-03-19, j4OZFwm2cGc,      23m 21.81s, HSC,      tymofro,            4x4x4x4, single
2024-03-20, su6L9XZ5aWE,       8m 45.21s, HSC,      hactar,             4x4x4x4, single
2024-03-21, YAiat68eqpY,      17m 52.81s, HSC,      tymofro,            4x4x4x4, single
2024-03-21, bxekDe2pWH8,      18m 47.12s, -,        akkei,              hemimegaminx, single
2024-03-22, Byl0Wz6gdf4,   3h 39m 01.24s, MC7D,     luna,               3x3x3x3x3, single
2024-03-23, Eqgq2g6fZy8,   1h 48m 43.50s, MPU,      luna,               2x2x2x2x2, single
2024-03-24, 8q2ppxqzzYg,       7m 42.36s, HSC,      battistin,          3x3x3x3, ao5
2024-03-26, lipNaShkSd4,       5m 22.97s, MT,       battistin,          hemimegaminx, single
2024-03-29, 4akee0AGdoA,       5m 50.99s, HSC,      battistin,          3x3x3x3, single
2024-03-31, m4Cu4xVmWhU,       1m 31.67s, MT,       milojacquet,        hemimegaminx, single
2024-04-01, 3WXFnsGD8oM,   1h 13m 07.26s, MPU,      tymofro,            2x2x2x2x2, single
2024-04-04, 0CUggoK9i3g,      24m 14.41s, MT,       milojacquet,        klein_quartic, single
2024-04-06, w7WkA3RaAok,       5m 29.78s, HSC,      battistin,          3x3x3x3, single
2024-04-07, Ai0P58dWNLY,   3h 17m 59.66s, MC7D,     luna,               3x3x3x3x3, single
2024-04-06, GqojR2pRlOM,       8m 12.82s, HSC,      hactar,             4x4x4x4, single
2024-03-31, 76to6wms_04,       1m 13.35s, MPU,      rowan,              1x3x3x3, single
2024-04-06, z9WT6wnmdDM,   7h 54m 19.60s, MC7D,     rowan,              3x3x3x3x3, single
2024-04-08, b6a2QIcrZg8,       3m 34.44s, HSC,      rowan,              3x3x3x3, single
2024-04-17, uCpi3Fbje0s,       1m 11.99s, -,        cubedude,           phys_2x2x2x2, single
2024-04-18, hW6bVavOc-I,          58.14s, -,        cubedude,           phys_2x2x2x2, single
2024-04-15, DOCuJsuOmSw,       2m 16.80s, HSC,      hactar,             3x3x3x3, ao5
2024-04-22, pMOW7a2U6SE,       7m 55.18s, HSC,      hactar,             4x4x4x4, single
2024-04-24, xmOiIFoLQ_I,      24m 15.12s, HSC,      luna,               4x4x4x4, single
2024-04-24, bgWOYE3e7pM,       7m 52.61s, HSC,      hactar,             4x4x4x4, single
2024-04-24, NJHYnPmOq3c,      46m 19.15s, HSC,      rowan,              4x4x4x4, single
2024-04-24, dIphYAbQ3BU,      33m 42.90s, HSC,      rowan,              4x4x4x4, single
2024-04-26, GGKOSVbxZlA,      29m 07.38s, HSC,      hactar,             5x5x5x5, single
2024-04-26, GlBOvjiA028,  15h 20m 24.49s, MC7D,     luna,               4x4x4x4x4, single
2024-04-29, iJXl5mew5YU,      26m 11.51s, HSC,      hactar,             5x5x5x5, single
2024-05-02, yC3VmIp3jJQ,       5m 41.96s, HSC,      koen,               3x3x3x3, single
2024-05-05, KKoIoJWRf2s,      22m 43.49s, HSC,      hactar,             5x5x5x5, single
2024-05-08, wkZIQs0Ll-Q,      22m 12.14s, HSC,      hactar,             5x5x5x5, single
2024-05-09, tAuYkESScRY,      21m 39.79s, HSC,      hactar,             5x5x5x5, single
2024-05-13, 0D09Opu08Rc,      21m 26.87s, HSC,      hactar,             5x5x5x5, single
2024-05-16, h4qHy86rlgk,      19m 35.75s, HSC,      hactar,             5x5x5x5, single
2024-05-18, SwdhFsdlRP4,      12m 28.34s, HSC,      godly,              3x3x3x3, single
2024-05-22, A7X3T8Qddgg,       9m 55.38s, HSC,      godly,              3x3x3x3, single
2024-05-20, cOitk0E8Mxk,      26m 15.43s, HSC,      jackcai,            2x2x2x2, bld
2024-05-31, 69cHdMngklw,       2m 15.06s, HSC,      bilal,              2x2x2x2, single
2024-05-26, PZqqKiQeHN4,       5m 52.72s, MPU,      battistin,          2x2x2x3, single
2024-05-31, 9x55QI0l5wE,       1m 26.90s, HSC,      bilal,              2x2x2x2, ao5
2024-05-31, 9x55QI0l5wE,       1m 14.81s, HSC,      bilal,              2x2x2x2, single
2024-06-01, dItE0M72lq8,       1m 25.17s, HSC,      battistin,          2x2x2x2, single
2024-06-02, bYKki5nx0dE,      42m 53.54s, HSC,      stella,             3x3x3x3, single
2024-06-02, qR_b7b_Mr0M,       1m 19.54s, HSC,      bilal,              2x2x2x2, ao5
2024-06-02, qR_b7b_Mr0M,       1m 09.22s, HSC,      bilal,              2x2x2x2, single
2024-06-02, dIwNaS_1V88,      21m 57.07s, HSC,      stella,             3x3x3x3, single
2024-06-02, qR_b7b_Mr0M,       1m 15.69s, HSC,      bilal,              2x2x2x2, ao5
2024-06-02, yIb0Y4KnZxU,       1m 02.71s, HSC,      rowan,              2x2x2x2, single
2024-06-02, pCIt2U1ju8o,          50.02s, HSC,      luna,               2x2x2x2, single
2024-06-02, Nfc640Pt478,       1m 00.78s, HSC,      bilal,              2x2x2x2, single
2024-06-03, 1O_407tWj4w,       1m 14.34s, HSC,      bilal,              2x2x2x2, ao5
2024-06-03, ZZmdUW1ARH8,       1m 13.31s, HSC,      bilal,              2x2x2x2, ao5
2024-06-03, NbVYRCEqxqQ,       1m 10.99s, HSC,      bilal,              2x2x2x2, ao5
2024-06-03, NbVYRCEqxqQ,          59.63s, HSC,      bilal,              2x2x2x2, single
2024-06-04, VnV-U8UcMhY,       1m 09.43s, HSC,      bilal,              2x2x2x2, ao5
2024-06-04, JXu5d9OvW6E,       1m 05.37s, HSC,      bilal,              2x2x2x2, ao5
2024-06-04, JXu5d9OvW6E,          47.87s, HSC,      bilal,              2x2x2x2, single
2024-06-04, TozqKcVpa98,       7m 56.42s, HSC,      godly,              3x3x3x3, single
2024-06-06, c7swBy3r0j4,       7m 28.63s, HSC,      godly,              3x3x3x3, single
2024-06-08, sHj2sSrpLxE,      15m 29.97s, HSC,      stella,             3x3x3x3, single
2024-06-08, WC_tdW3fAT0,      13m 49.86s, HSC,      stella,             3x3x3x3, single
2024-06-08, 7171J-gKcb4,       5m 59.19s, HSC,      godly,              3x3x3x3, single
2024-06-05, hTGpnFy3EXM,       1m 01.93s, HSC,      bilal,              2x2x2x2, ao5
2024-06-05, 3g-0IONsYiY,          59.29s, HSC,      bilal,              2x2x2x2, ao5
2024-06-07, 4d1zqoaBNEE,          55.59s, HSC,      bilal,              2x2x2x2, ao5
2024-06-07, j-SSh4NS9Ak,          43.50s, HSC,      bilal,              2x2x2x2, single
2024-06-08, j3mGzKl8fcE,          50.72s, HSC,      bilal,              2x2x2x2, ao5
2024-06-09, RpZ44eJvdBI,      16m 33.94s, HSC,      vin,                3x3x3x3, single
2024-06-10, I2rFoHhA_Zw,   1h 24m 58.44s, MC5D,     hyperespy,          2x2x2x2x2, single
2024-06-10, f897BXHcAvw,          40.17s, HSC,      bilal,              2x2x2x2, single
2024-06-09, i9lDpnbZ9NQ,       5m 17.12s, HSC,      godly,              3x3x3x3, single
2024-06-11, yKViHBY17iA,      14m 04.68s, HSC,      bilal,              3x3x3x3, single
2024-06-11, 8bqr2fLJS0g,          48.92s, HSC,      bilal,              2x2x2x2, ao5
2024-06-11, T_X7AKA5ZUg,       4m 22.58s, MPU,      tymofro,            2x2x2x3, single
2024-06-12, FrCRqctg4nw,      22m 12.69s, MPU,      battistin,          2x2x3x3, single
2024-06-02, V32eRTiDL8I,          50.85s, HSC,      hactar,             2x2x2x2, ao5
2024-06-02, dAEltrZnRIw,          40.83s, HSC,      hactar,             2x2x2x2, single
2024-06-14, OJlRTxOS3aw,          48.51s, HSC,      bilal,              2x2x2x2, ao5
2024-06-14, ZVuqDhIjbt0,          48.12s, HSC,      bilal,              2x2x2x2, ao5
2024-06-14, zB6A-nIMuzU,          43.44s, HSC,      hactar,             2x2x2x2, ao5
2024-06-14, jov_penjjzs,          34.84s, HSC,      hactar,             2x2x2x2, single
2024-06-15, SMta2Fae3HE,       4m 45.50s, HSC,      godly,              3x3x3x3, single
2024-06-13, 4MD50jkGF5A,      20m 11.54s, HSC,      rayzchen,           3x3x3x3, single
2024-06-16, 56n9-W5OgGc,      12m 41.87s, HSC,      rayzchen,           3x3x3x3, single
2024-06-17, gfqwhGqyqE0,      12m 10.64s, HSC,      rayzchen,           3x3x3x3, single
2024-06-17, 2DTaqDy47oc,      11m 05.94s, HSC,      rayzchen,           3x3x3x3, single
2024-06-18, 9E27ObgFBQ8,      10m 44.96s, HSC,      rayzchen,           3x3x3x3, single
2024-06-18, dyZfAEup8Gk,       8m 45.26s, HSC,      rayzchen,           3x3x3x3, single
2024-06-18, BT4Ho35arTU,          39.51s, HSC,      bilal,              2x2x2x2, single
2024-06-18, BT4Ho35arTU,          46.21s, HSC,      bilal,              2x2x2x2, ao5
2024-06-20, IULGT6GgC68,       3m 19.70s, MPU,      rowan,              2x2x2x3, single
2024-06-20, 07nA8sQqHDY,       2m 58.90s, MPU,      rowan,              2x2x2x3, single
2024-06-20, LdWEvuAQy_w,   1h 33m 54.02s, MT,       battistin,          klein_quartic, single
2024-06-20, qQKz5D7Jyqk,          37.65s, HSC,      bilal,              2x2x2x2, single
2024-06-21, clWYAJeWMNM,   1h 13m 41.38s, MT,       tymofro,            klein_quartic, single
2024-06-21, FSpLGQLZkJY,          44.64s, HSC,      bilal,              2x2x2x2, ao5
2024-06-21, FSpLGQLZkJY,          34.33s, HSC,      bilal,              2x2x2x2, single
2024-06-22, pPt1_uHdkJc,          41.89s, HSC,      bilal,              2x2x2x2, ao5
2024-06-25, 6lVqfuLqbXI&t=56,     33.48s, HSC,      hactar,             2x2x2x2, single
2024-06-25, 6lVqfuLqbXI,          40.17s, HSC,      hactar,             2x2x2x2, ao5
2024-06-25, zAr0RXLH6Do&t=202,    32.67s, HSC,      bilal,              2x2x2x2, single
2024-06-25, zAr0RXLH6Do,          39.82s, HSC,      bilal,              2x2x2x2, ao5
2024-06-25, pRtvWojcFCM,   3h 01m 48.63s, MC7D,     rowan,              3x3x3x3x3, single
2024-06-26, D26k9okZ6CA,      10m 50.95s, HSC,      bilal,              3x3x3x3, ao5
2024-06-26, D26k9okZ6CA,       8m 36.53s, HSC,      bilal,              3x3x3x3, single
2024-06-26, gqyE_F3td3g,   2h 43m 59.43s, MC7D,     luna,               3x3x3x3x3, single
2024-06-26, uBNmmY7pTsE,   6h 40m 34.76s, MC7D,     vin,                3x3x3x3x3, single
2024-06-26, 31Y2ljf3R1M,   2h 30m 30.48s, MC7D,     rowan,              3x3x3x3x3, single
2024-06-27, 4MoNVxJlJIo&t=43,     29.97s, HSC,      hactar,             2x2x2x2, single
2024-06-27, 4MoNVxJlJIo,          33.94s, HSC,      hactar,             2x2x2x2, ao5
2024-06-27, OQrKRlC-l1s,   4h 23m 58.91s, MC7D,     vin,                3x3x3x3x3, single
2024-06-29, FdaXJfFHy4Q,       8m 49.07s, HSC,      stella,             3x3x3x3, single
2024-06-29, EuuU2ILISC4,          26.37s, HSC,      adam,               2x2x2x2, single
2024-06-29, 6AkLFo3OWyQ,          25.79s, HSC,      adam,               2x2x2x2, single
2024-06-29, DhS9G_ZvbzE,   2h 14m 16.58s, MC7D,     rowan,              3x3x3x3x3, single
2024-06-29, 1_S1MSQpVwE,       6m 27.08s, HSC,      pkearth,            3x3x3x3, single
2024-06-30, a8Bhn6oq6Ws,          47.51s, HSC,      pkearth,            2x2x2x2, single
2024-07-01, 0WSXcEAu76M,   4h 00m 40.45s, MC7D,     vin,                3x3x3x3x3, single
2024-07-01, hBBgYvS9mPw,          33.04s, HSC,      adam,               2x2x2x2, ao5
2024-07-01, UaqXt4X-3GE&t=8,   1m 24.92s, HSC,      saturnb,            2x2x2x2, single
2024-07-01, ClT2G84Ypnw,   1h 52m 29.73s, MC7D,     rowan,              3x3x3x3x3, single
2024-07-02, w-ILUWNdAcg,      58m 41.41s, MPU,      tymofro,            2x2x2x2x2, single
2024-07-02, qi5cOaLuIrA,      48m 22.31s, MPU,      tymofro,            2x2x2x2x2, single
2024-05-23, oBGv937j2M0,       2m 03.18s, HSC,      hactar,             3x3x3x3, ao5
2024-07-05, 7fbwTWp-nc0,          53.64s, HSC,      saturnb,            2x2x2x2, single
2024-07-05, 56CPMYv5dM0,      13m 18.48s, HSC,      pistelli,           3x3x3x3, single
2024-07-07, d3m67muJG_s,       4m 36.44s, HSC,      pkearth,            3x3x3x3, single
2024-07-07, NtMFnvXRk-s,          44.15s, HSC,      pkearth,            2x2x2x2, single
2024-07-08, SZ9shDSkGN4,          31.45s, HSC,      bilal,              2x2x2x2, single
2024-07-10, y0zs-Bs2B3k,       8m 11.59s, HSC,      bilal,              3x3x3x3, single
2024-07-10, y0zs-Bs2B3k,       8m 57.53s, HSC,      bilal,              3x3x3x3, ao5
2024-07-10, 92tgWfyO_DQ,          38.78s, HSC,      bilal,              2x2x2x2, ao5
2024-07-12, YJqOGqYyWQg,       9m 04.99s, HSC,      saturnb,            3x3x3x3, single
2024-07-12, ck0cLsGr15A,      28m 17.86s, HSC,      hana,               3x3x3x3, single
2024-07-12, oapOYiZq5s8,          28.77s, HSC,      bilal,              2x2x2x2, single
2024-07-13, -X9FTfoYhHA,       3m 45.20s, HSC,      pkearth,            3x3x3x3, single
2024-07-13, CqE7ZtiSBPs,       7m 47.19s, HSC,      bilal,              3x3x3x3, single
2024-07-13, lyHWt9QsW8c,       7m 57.35s, HSC,      saturnb,            3x3x3x3, single
2024-07-14, pJf0bxkLZLI,      10m 53.61s, HSC,      hana,               3x3x3x3, single
2024-07-14, oM7ZoYHJJOQ,          38.46s, HSC,      bilal,              2x2x2x2, ao5
2024-07-15, vthdD9N0pTA,       8m 28.71s, HSC,      hana,               3x3x3x3, single
2024-07-15, dDyKKDErIGY,       6m 39.41s, HSC,      bilal,              3x3x3x3, ao5
2024-07-15, dDyKKDErIGY,       6m 14.24s, HSC,      bilal,              3x3x3x3, single
2024-07-15, zGyDcGgajnI,   1h 41m 52.48s, HSC,      bilal,              4x4x4x4, single
2024-07-16, 8qVCwe0bNhw,   3h 20m 00.68s, MC7D,     vin,                3x3x3x3x3, single
2024-07-15, EBrEaT5E9AQ,       6m 07.35s, HSC,      bilal,              3x3x3x3, single
2024-07-15, mQhNSxCzymo,       5m 49.92s, HSC,      bilal,              3x3x3x3, single
2024-07-15, r6ICkIz5QgE,          35.77s, HSC,      bilal,              2x2x2x2, ao5
2024-07-16, QgSG0QNEqsk,          31.31s, HSC,      adam,               2x2x2x2, ao5
2024-07-16, QEBsGnrnS7c,       5m 48.74s, HSC,      bilal,              3x3x3x3, single
2024-07-16, IiRHpCcxw7s,       8m 04.51s, HSC,      hana,               3x3x3x3, single
2024-07-16, zgz6YSwTQIc,   2h 45m 09.53s, MC7D,     vin,                3x3x3x3x3, single
2024-07-16, iPO63vJB3Bo,       7m 19.88s, HSC,      hana,               3x3x3x3, single
2024-07-16, hBEAcIWtXA4,          34.81s, HSC,      bilal,              2x2x2x2, ao5
2024-07-16, p_8YYJoUjpI,       6m 49.21s, HSC,      hana,               3x3x3x3, single
2024-07-16, xv8DWpEKQ54,          44.66s, HSC,      saturnb,            2x2x2x2, single
2024-07-16, X7encSaqwpw,          34.27s, HSC,      bilal,              2x2x2x2, ao5
2024-07-16, 5Jv0O7NDi_g,       6m 33.53s, HSC,      hana,               3x3x3x3, single
2024-07-16, a60UsmBgdeU,       6m 28.75s, HSC,      hana,               3x3x3x3, single
2024-07-16, MjVRk5Mjf9Q,       5m 58.66s, HSC,      hana,               3x3x3x3, single
2024-07-18, 6yK6GolNGZ8,   2h 36m 47.85s, MC7D,     vin,                3x3x3x3x3, single
2024-07-19, tRlsaOCOJu4,       5m 46.34s, HSC,      hana,               3x3x3x3, single
2024-07-19, yyRPL-k-ros,      19m 05.67s, HSC,      lorenzo,            3x3x3x3, single
2024-07-20, 1PIPDzXTs68,       6m 03.63s, HSC,      hana,               3x3x3x3, ao5
2024-07-20, 1PIPDzXTs68,       5m 20.85s, HSC,      hana,               3x3x3x3, single
2024-07-21, KzRrqXvWgwc,       4m 19.04s, HSC,      hana,               3x3x3x3, single
2024-07-20, qmcfAbxlUgc,      20m 17.51s, HSC,      starry,             3x3x3x3, single
2024-07-21, 38WawBldyV4,       3m 24.49s, HSC,      pkearth,            3x3x3x3, single
2024-07-22, Fm1dBBUwbLs,          33.64s, HSC,      bilal,              2x2x2x2, ao5
2024-07-22, PVww8kPylRk,       3m 16.53s, HSC,      pkearth,            3x3x3x3, single
2024-07-22, 33R-XV2T0XI,       3m 37.45s, HSC,      pkearth,            3x3x3x3, ao5
2024-07-22, CTL18w_P0tM,          27.61s, HSC,      bilal,              2x2x2x2, single
2024-07-24, jp6avNb1fZ8,       4m 14.04s, HSC,      hana,               3x3x3x3, single
2024-07-24, 2wH5N-l3h2c,          36.90s, HSC,      pkearth,            2x2x2x2, single
2024-07-26, p3DsY-9Mb2s,       2m 58.39s, HSC,      edan,               3x3x3x3, single
2024-07-26, S7rkq9_AlOE,       2m 58.63s, HSC,      pkearth,            3x3x3x3, single
2024-07-22, BQyolccKzuQ,       9m 32.90s, HSC,      lorenzo,            3x3x3x3, single
2024-07-26, 2-nBdJav20M,       2m 51.95s, HSC,      edan,               3x3x3x3, single
2024-07-28, IkDqX2wQ9cE,          27.43s, HSC,      bilal,              2x2x2x2, single
2024-07-28, hlRJo6TBKik,          33.33s, HSC,      bilal,              2x2x2x2, ao5
2024-07-29, z2oc_AO-2Jw,      17m 21.08s, HSC,      pkearth,            4x4x4x4, single
2024-07-31, C8ByQ-JbLbc,       3m 44.34s, HSC,      hana,               3x3x3x3, single
2024-08-01, NMTRUd0wOmI,          28.76s, HSC,      pkearth,            2x2x2x2, single
2024-08-01, kGOaKl9rOM8,          33.04s, HSC,      bilal,              2x2x2x2, ao5
2024-08-01, RuuiG3_zNy0,          32.27s, HSC,      bilal,              2x2x2x2, ao5
2024-08-03, UGpoE0RoHD8,          29.67s, HSC,      bilal,              2x2x2x2, ao5
2024-08-04, EE4IM8hAt2k,      46m 15.86s, HSC,      pkearth,            5x5x5x5, single
2024-08-04, C6yUjVocP2k,          26.64s, HSC,      bilal,              2x2x2x2, single
2024-08-05, PSkPkEcAWOY,   1h 47m 49.66s, HSC,      pkmnhx,             4x4x4x4, single
2024-08-06, F9iYf4om8ZM,      19m 40.53s, HSC,      pkmnhx,             3x3x3x3, single
2024-08-06, HHY9gOnzm08,          26.03s, HSC,      bilal,              2x2x2x2, single
2024-08-07, UCJDYBcuCRo,       3m 27.88s, HSC,      hana,               3x3x3x3, single
2024-08-07, GtaZHRse5wI,          23.68s, HSC,      adam,               2x2x2x2, single
2024-08-07, 5DkGWq7S97k,      13m 53.88s, HSC,      pkmnhx,             3x3x3x3, single
2024-08-07, AvMbjW3tV-8,          52.23s, HSC,      rowan,              2x2x2x2, single
2024-08-08, XiD2xbiGy3A,       3m 27.86s, HSC,      hana,               3x3x3x3, single
2024-08-07, xPH68QBTRbw,      12m 12.18s, HSC,      pkmnhx,             3x3x3x3, single
2024-07-28, nTSYJjxtg4Q,      56m 22.11s, -,        cubedude,           phys_3x3x3x3, single
2024-08-08, uUIt8Rq4uNo,      11m 28.57s, HSC,      pkmnhx,             3x3x3x3, single
2024-08-08, sxgg8vAXQR0,       7m 38.78s, HSC,      saturnb,            3x3x3x3, single
2024-08-09, oiVYJYczxKU,      23m 32.99s, HSC,      pickle,             3x3x3x3, single
2024-08-10, RVBV6WHCzQM,       4m 48.97s, HSC,      pkearth,            3x3x3x3, nf
2024-08-10, ZV_jOaTjBXQ,      14m 49.79s, HSC,      pkearth,            4x4x4x4, single
2024-08-10, wBpLPkfdu88,   1h 43m 49.67s, HSC,      pkearth,            6x6x6x6, single
2024-08-11, _CCc0zQkGQE,       2m 49.79s, HSC,      pkearth,            3x3x3x3, single
2024-08-11, eNbVimn3qfA,       2m 39.84s, HSC,      edan,               3x3x3x3, single
2024-08-11, zc-ueLZ_W7U,          51.79s, HSC,      hana,               2x2x2x2, single
2024-08-11, LVJfvjPVHjA,          24.23s, HSC,      bilal,              2x2x2x2, single
2024-08-12, t-brIzc6498,       9m 45.95s, HSC,      pkmnhx,             3x3x3x3, single
2024-08-12, wbV-7rfTVcM,      11m 41.36s, HSC,      pickle,             3x3x3x3, single
2024-08-12, KsfLJr4YEbM,       6m 38.15s, HSC,      saturnb,            3x3x3x3, single
2024-08-15, 7rd3QmM_cpw,          24.39s, HSC,      pkearth,            2x2x2x2, single
2024-08-16, fg8blfmkkRc,          45.62s, HSC,      hana,               2x2x2x2, single
2024-08-17, fG1_NzgsZGg,       3m 21.53s, HSC,      hana,               3x3x3x3, single
2024-08-18, sBaiFSMX3fA,       4m 57.70s, HSC,      bilal,              3x3x3x3, single
2024-08-19, vJzaqKGlNII,       3m 13.94s, HSC,      hana,               3x3x3x3, single
2024-08-18, tWOsI5eacYQ,       9m 31.09s, HSC,      pickle,             3x3x3x3, single
2024-08-20, 5TYeqgb9wz4,       8m 36.02s, HSC,      pickle,             3x3x3x3, single
2024-08-21, aNYkD1qgaFE,       2m 57.88s, HSC,      hana,               3x3x3x3, single
2024-08-22, m--Y3Vw-kZk,       7m 37.65s, HSC,      pickle,             3x3x3x3, single
2024-08-23, ln9Vvz8iu-I,       4m 18.79s, HSC,      bilal,              3x3x3x3, single
2024-08-23, ln9Vvz8iu-I,       4m 46.60s, HSC,      bilal,              3x3x3x3, ao5
2024-08-24, OIuG6_-epM0,      37m 47.58s, HSC,      lorenzo,            4x4x4x4, single
2024-08-26, JSAwgLe-quA,          33.13s, HSC,      pkearth,            2x2x2x2, ao5
2024-08-25, QwTwlf71oAw,       6m 13.10s, HSC,      pickle,             3x3x3x3, single
2024-08-26, pkfr79tQMdc,       2m 56.94s, HSC,      pkearth,            3x3x3x3, ao5
2024-08-26, OX9EPvqK14Y,       2m 42.64s, HSC,      pkearth,            3x3x3x3, single
2024-08-26, qbjMsa5MNNA,       5m 55.45s, HSC,      pickle,             3x3x3x3, single
2024-08-26, 9ezwhiNEpLs,       6m 09.18s, HSC,      saturnb,            3x3x3x3, single
2024-08-26, GGXjlxPX0RQ,       5m 25.61s, HSC,      pickle,             3x3x3x3, single
2024-08-27, 7_VVAV5FdfI,       2m 37.72s, HSC,      pkearth,            3x3x3x3, single
2024-08-28, ZyKgSwlFm2U,       2m 25.84s, HSC,      pkearth,            3x3x3x3, single
2024-08-28, if0oCXMRvn8,          23.60s, HSC,      bilal,              2x2x2x2, single
2024-08-28, Hp0X5t-ORvI,       5m 48.46s, HSC,      saturnb,            3x3x3x3, single
2024-08-28, JwOSVS1z9Mo,          28.08s, HSC,      adam,               2x2x2x2, ao5
2024-08-29, xMvxw2rjKws,          29.31s, HSC,      bilal,              2x2x2x2, ao5
2024-08-30, tnbWk6mp8QE,      12m 19.98s, HSC,      pkearth,            4x4x4x4, single
2024-08-31, Y2O2RP9WPrg,          29.16s, HSC,      pkearth,            2x2x2x2, ao5
2024-08-31, uP2Qk581iJU,          22.60s, HSC,      pkearth,            2x2x2x2, single
2024-08-31, lOy6bo-IksE,       2m 46.74s, HSC,      hana,               3x3x3x3, single
2024-09-01, U8Z9p_q13aA,          28.03s, HSC,      pkearth,            2x2x2x2, ao5
2024-09-01, psnpENIVAc4,          22.24s, HSC,      pkearth,            2x2x2x2, single
2024-09-03, ug111Mtzc_Y,       7m 30.78s, HSC,      lorenzo,            3x3x3x3, single
2024-09-05, JcEg3fOwwGg,          22.37s, HSC,      bilal,              2x2x2x2, single
2024-09-06, Jij77_vPnwQ,          29.28s, HSC,      bilal,              2x2x2x2, ao5
2024-09-06, lJld8u-LCoY,       2m 13.77s, HSC,      pkearth,            3x3x3x3, single
2024-09-07, msZIsyaLE5M,          27.16s, HSC,      pkearth,            2x2x2x2, ao5
2024-09-08, Ov3zPR8AOdc,          19.63s, HSC,      pkearth,            2x2x2x2, single
2024-09-08, eWyhhs7PG5s,          26.88s, HSC,      pkearth,            2x2x2x2, ao5
2024-09-08, RHrWgER6ZDI,       5m 22.34s, HSC,      saturnb,            3x3x3x3, single
2024-09-04, cb1F7I9qRRM,       8m 48.58s, HSC,      pkmnhx,             3x3x3x3, single
2024-09-11, KvHy5XuSuTU,          22.15s, HSC,      bilal,              2x2x2x2, single
2024-09-10, lPSYgya2jAw,       4m 36.20s, HSC,      bilal,              3x3x3x3, ao5
2024-09-10, lPSYgya2jAw,       4m 14.99s, HSC,      bilal,              3x3x3x3, single
2024-09-08, Q1z6BzuY16c,       1m 06.25s,   -,      cubedude,           phys_2x2x2x2, ao5
2024-09-13, Qve-KVUZ58U,       2m 26.91s, HSC,      pkearth,            3x3x3x3, ao5
2024-09-06, LelK4k5Nvdo,          28.76s, HSC,      bilal,              2x2x2x2, ao5
2024-09-07, T7djMVWWHak,          28.48s, HSC,      bilal,              2x2x2x2, ao5
2024-09-14, LooXBLA9IOs,          25.38s, HSC,      pkearth,            2x2x2x2, ao5
2024-09-14, QPl5uU-iKg0,       2m 11.53s, HSC,      pkearth,            3x3x3x3, single
2024-09-14, bDKGJ_89Kpw,          56.54s, -,        cubedude,           phys_2x2x2x2, single
2024-09-15, njrkbjfdSuw,       7m 17.38s, HSC,      pkmnhx,             3x3x3x3, single
2024-09-17, iNMw3nY-FKE,          28.42s, HSC,      bilal,              2x2x2x2, ao5
2024-09-17, nkr6tfaK24Y,          25.86s, HSC,      bilal,              2x2x2x2, ao5
2024-09-17, _a8uKn2lGu4,       4m 12.15s, HSC,      bilal,              3x3x3x3, single
2024-09-18, sUfL6vW1Z5w,       3m 54.56s, HSC,      bilal,              3x3x3x3, single
2024-09-18, Xp4WbNgObHM,          22.12s, HSC,      bilal,              2x2x2x2, single
2024-09-19, zxwIgA9tEig,          21.43s, HSC,      bilal,              2x2x2x2, single
2024-09-19, t9Zs-J3YEZo,       3m 43.43s, HSC,      bilal,              3x3x3x3, single
2024-09-22, wv0gHvruC8g,          53.03s, -,        cubedude,           phys_2x2x2x2, single
2024-09-23, YC9w4yWsLQE,      22m 32.81s, MT,       ethandavis,         klein_quartic, single
2024-09-26, vp6dVWmdwls,       3m 32.53s, HSC,      bilal,              3x3x3x3, single
2024-10-01, tAgPI6YDu7E,          24.65s, HSC,      pkearth,            2x2x2x2, ao5
2024-10-04, tTsHV2cwHXk,          39.38s, HSC,      hana,               2x2x2x2, single
2024-10-09, sbF9DVDKf1E,       2m 38.34s, HSC,      hana,               3x3x3x3, single
2024-10-14, 8Wv7f9aFoxg,       4m 58.94s, HSC,      saturnb,            3x3x3x3, single
2024-10-19, C13joMPglNM,          20.10s, HSC,      bilal,              2x2x2x2, single
2024-10-29, va_n1hNF-JA,       4m 44.95s, HSC,      josie,              3x3x3x3, single
2024-11-02, oDjopG95Nfs,          27.07s, HSC,      hana,               2x2x2x2, single
2024-11-05, ZNdXwNTmHLg,      14m 35.10s, HSC,      hana,               4x4x4x4, single
2024-11-15, HXwvg3721wM,          24.81s, HSC,      bilal,              2x2x2x2, ao5
2024-11-19, vLvTrBd9gtY,          19.67s, HSC,      bilal,              2x2x2x2, single
2024-11-19, 5oTr0T0S7N4,       3m 41.68s, HSC,      josie,              3x3x3x3, single
2024-11-25, Fc82rpAOGUs,       2m 37.72s, HSC,      hana,               3x3x3x3, single
2024-12-02, AkspwP7sJlQ,       3m 36.12s, HSC,      josie,              3x3x3x3, single
2024-12-03, XEpBTxd6_No,          18.79s, HSC,      bilal,              2x2x2x2, single
2024-10-12, 244YViSe-WY,      10m 12.77s, MC4D,     kliu,               2x2x2x2, bld
2024-12-07, TDz_2iUzB0g,       3m 21.95s, HSC,      josie,              3x3x3x3, single
2024-12-09, GypvcgDXLCU,          24.43s, HSC,      bilal,              2x2x2x2, ao5
2024-12-09, rGaIwxK5tys,       3m 33.63s, HSC,      rowan,              3x3x3x3, single
2024-12-09, ufyuqroauv0,       3m 25.85s, HSC,      rowan,              3x3x3x3, single
2024-12-10, DGarT7uyIwE,       3m 25.05s, HSC,      rowan,              3x3x3x3, single
2024-12-10, i4MyfeXNHs4,       3m 24.58s, HSC,      rowan,              3x3x3x3, single
2024-12-11, beAUY_kzO4M,          23.71s, HSC,      bilal,              2x2x2x2, ao5
2024-12-12, qA4BV6RQGZs,       2m 30.03s, HSC,      hana,               3x3x3x3, single
2024-12-13, jtpQR1Gwq18,          18.21s, HSC,      bilal,              2x2x2x2, single
2024-12-13, qRTIkEQ5dEU,          16.31s, HSC,      bilal,              2x2x2x2, single
2024-12-14, -u6STfm7oeI,       4m 25.82s, HSC,      saturnb,            3x3x3x3, single
2024-12-16, QX9X-ZKk2KM,          23.53s, HSC,      bilal,              2x2x2x2, ao5
2024-12-17, lV_kY6NlgFw,          23.45s, HSC,      bilal,              2x2x2x2, ao5
2024-12-21, uLSYAbjj2AQ,          23.41s, HSC,      bilal,              2x2x2x2, ao5
2024-12-21, 6PZ8UU7heJo,          22.73s, HSC,      bilal,              2x2x2x2, ao5
2024-12-22, suWoO0aKVdA,          49.57s, -,        cubedude,           phys_2x2x2x2, single
2024-12-23, 74RngltAGHU,       3m 28.96s, HSC,      nenri,              3x3x3x3, single
2024-12-23, d_slVtr5if8,       3m 20.35s, HSC,      nenri,              3x3x3x3, single
2024-12-24, 5TZEt8wcgrI,          31.58s, -,        cubedude,           phys_2x2x2x2, single
2024-12-26, 4aO2EGDl4ls,          22.39s, HSC,      bilal,              2x2x2x2, ao5
2024-12-27, LavEIkVXQLE,          59.89s, -,        cubedude,           phys_2x2x2x2, ao5
2024-12-28, qu9EeirJkds,       2m 29.64s, HSC,      hana,               3x3x3x3, single
2024-12-30, qFY6j7lAu1M,       9m 06.20s, HSC,      gstout,             3x3x3x3, single
2024-12-31, 902oFaSYGdo,       3m 14.12s, HSC,      josie,              3x3x3x3, single
2024-12-31, 6OUuA9mL7AY,       3m 07.21s, HSC,      josie,              3x3x3x3, single
2025-01-02, S1mfwJeTyLs,       2m 59.81s, HSC,      nenri,              3x3x3x3, single
2025-01-01, Nti2jYxaq3I,       3m 06.95s, HSC,      josie,              3x3x3x3, single
2025-01-02, 1JWeSMu6zEs,       3m 06.88s, HSC,      josie,              3x3x3x3, single
2025-01-02, 6wJ9fMFJCGM,       2m 55.67s, HSC,      josie,              3x3x3x3, single
2025-01-03, 1hbKJDbvQd0,       2m 54.18s, HSC,      josie,              3x3x3x3, single
2025-01-04, dRIqNq7OiDI,          21.84s, HSC,      bilal,              2x2x2x2, ao5
2025-01-05, QVFqRnkALVM,          20.63s, HSC,      bilal,              2x2x2x2, ao5
2025-01-08, nu8QztEdGLs,       2m 51.22s, HSC,      nenri,              3x3x3x3, single
2025-01-12, WqHuBpiUg_k,       2m 43.49s, HSC,      nenri,              3x3x3x3, single
2025-01-14, fgvPZZk83GM,       2m 22.71s, HSC,      hana,               3x3x3x3, single
2025-01-14, jNKjZoHTH7k,       3m 23.43s, HSC,      rowan,              3x3x3x3, single
2025-01-18, skN6skAe4ag,       2m 39.05s, HSC,      nenri,              3x3x3x3, single
2025-01-18, mq-Mp5Mv4cg,       3m 10.89s, HSC,      rowan,              3x3x3x3, single
2025-01-19, SF-Jeax9bII,       7m 17.25s, HSC,      vin,                3x3x3x3, single
2025-01-19, O5jDGq5Mx1Q,       2m 52.08s, HSC,      josie,              3x3x3x3, single
2025-01-22, uOOD6A1FPYc,       2m 50.96s, HSC,      josie,              3x3x3x3, single
2025-01-22, lkU0M9Ad2io,       2m 32.00s, HSC,      josie,              3x3x3x3, single
2025-01-22, _TY8LIE1hLQ,       3m 00.31s, HSC,      rowan,              3x3x3x3, single
2025-01-23, VC8ptyFzTG4,   3h 00m 53.86s, HSC,      cubedude,           7x7x7x7, single
2025-01-24, H2l1ETdKZhQ,      12m 28.54s, HSC,      cali,               3x3x3x3, single
2025-01-22, MhKeXWYXi7E,      12m 09.88s, HSC,      jessica,            3x3x3x3, single
2025-01-24, qOIvzOe5BkI,          20.49s, HSC,      bilal,              2x2x2x2, ao5
2025-01-26, R7-6i1LyiHc,       8m 17.12s, HSC,      jessica,            3x3x3x3, single
2025-01-26, ee8L51bDFH4,       2m 29.95s, HSC,      josie,              3x3x3x3, single
2025-01-31, YDE-g3dp_TU,          20.18s, HSC,      bilal,              2x2x2x2, ao5
2025-01-31, whEhoB2KpIM,          16.06s, HSC,      bilal,              2x2x2x2, single
2025-01-31, AJZjTSM27bE,       2m 26.86s, HSC,      josie,              3x3x3x3, single
2025-02-01, hDBiA3bfY34,      18m 47.49s, MT,       nenri,              klein_quartic, single
2025-02-01, 4gBy8fQUZ28,      17m 28.64s, MT,       ethandavis,         klein_quartic, single
2025-01-31, AxhN00XyUnM,       2m 10.38s, HSC,      nenri,              3x3x3x3, single
2025-02-05, iw28pm_REmc,          15.43s, HSC,      bilal,              2x2x2x2, single
2025-02-08, FzEFmGHZy8g,       2m 20.83s, HSC,      josie,              3x3x3x3, single
2025-02-08, BUctHT8xS2c,       2m 17.40s, HSC,      josie,              3x3x3x3, single
2025-02-11, LeDVNhBoXjI,          20.17s, HSC,      bilal,              2x2x2x2, ao5
2025-02-11, TamadRYGMq4&t=155, 1m 52.33s, HSC,      hactar,             3x3x3x3, single
2025-02-11, TamadRYGMq4,       2m 00.54s, HSC,      hactar,             3x3x3x3, ao5
2025-02-10, RHqPtVdBhGU,       2m 08.08s, HSC,      hana,               3x3x3x3, single
2025-02-03, lAB4EHEPzEM,      11m 45.50s, HSC,      hana,               4x4x4x4, single
2025-02-12, Ibf9EztXKfE,          19.50s, HSC,      bilal,              2x2x2x2, ao5
2025-02-12, t8Zk02SvlFQ,      10m 37.07s, MPU,      cubedude,           2x2x3x3, single
2025-02-12, YobA01SAev8,       2m 09.48s, HSC,      josie,              3x3x3x3, single
2025-02-13, s_BjeD33e4E,       3m 19.88s, HSC,      bilal,              3x3x3x3, single
2025-02-13, s_BjeD33e4E,       3m 19.56s, HSC,      bilal,              3x3x3x3, single
2025-02-13, s_BjeD33e4E,       3m 22.88s, HSC,      bilal,              3x3x3x3, ao5
2025-02-13, nsx_GrMjhAU,       3m 13.53s, HSC,      bilal,              3x3x3x3, single
2025-02-13, P6jdNZq4uEI,       3m 05.36s, HSC,      bilal,              3x3x3x3, single
2025-02-13, u4q52gmk98M,       3m 18.00s, MC3D,     cubedude,           3x3x3_1d, single
2025-02-12, _XdyQrqByvw,   2h 14m 20.28s, MC7D,     vin,                3x3x3x3x3, single
2025-02-15, zjNWVmWBlDM,   1h 49m 47.50s, MC7D,     vin,                3x3x3x3x3, single
2025-02-25, naZdNwICT0o,       2m 59.86s, HSC,      bilal,              3x3x3x3, single
2025-02-16, 2GPtYwmSeIU,       9m 42.49s, AKKEI-SIM, cubedude,          virt_phys_3x3x3x3, single
2025-02-18, qG2FeSbjj1s,   3h 06m 44.28s, HSC,      nenri,              7x7x7x7, single
2025-02-19, 9qgqGx8304Q,   2h 18m 54.27s, MC7D,     luna,               3x3x3x3x3, single
2025-02-20, 9RByH-S5x1A,       2m 02.98s, HSC,      josie,              3x3x3x3, single
2025-02-20, 4-53mHrHCG0,       1m 59.60s, HSC,      josie,              3x3x3x3, single
2025-02-21, LS-P2zr_eLc,       1m 56.40s, HSC,      nenri,              3x3x3x3, single
2025-02-21, wYB2I55AO0s,          15.13s, HSC,      bilal,              2x2x2x2, single
2025-02-24, rvev4Mace78,          14.77s, HSC,      bilal,              2x2x2x2, single
2024-09-07, XTUYjfnQ-4o,      10m 46.95s, HSC,      pkearth,            4x4x4x4, single
2025-02-27, QZ4LvxdNMhE,   1h 37m 42.50s, MC7D,     rowan,              3x3x3x3x3, single
2025-03-02, beIAmFvbc38,       2m 17.79s, HSC,      nenri,              3x3x3x3, ao5
2025-03-04, KsFfGdTR1Mw,      54m 31.37s, HSC,      cubedude,           6x6x6x6, single
2025-03-13, o1R81eNRmBs,      52m 41.23s, HSC,      nenri,              6x6x6x6, single
2025-03-13, b9AhidBxdcc,   1h 28m 56.09s, MC7D+MKB, cubedude,           3x3x3x3x3, single
2025-03-15, _hEv5PCUeig,          19.32s, HSC,      bilal,              2x2x2x2, ao5
2025-03-19, p6KtHQZFSNw,       4m 44.11s, HSC,      nenri,              3x3x3x3, nf
2025-03-21, 2H81RuPkw6Y,   1h 45m 16.10s, HSC,      nenri,              7x7x7x7, single
2025-03-21, i2NEncIlyUc,          14.00s, HSC,      bilal,              2x2x2x2, single
2025-03-25, Z5ls8I7jWQc,       2m 58.86s, HSC,      bilal,              3x3x3x3, single
2025-03-25, Z5ls8I7jWQc,       2m 58.37s, HSC,      bilal,              3x3x3x3, single
2025-03-25, Z5ls8I7jWQc,       3m 09.91s, HSC,      bilal,              3x3x3x3, ao5
2025-03-26, 0yPqgfXwxYk,          45.63s, MC4D,     nenri,              3-layer_simplex, single
2025-03-26, R9KoUtaGDss,       2m 53.95s, HSC,      bilal,              3x3x3x3, single
2025-03-26, R9KoUtaGDss,       2m 51.52s, HSC,      bilal,              3x3x3x3, single
2025-03-26, R9KoUtaGDss,       3m 02.45s, HSC,      bilal,              3x3x3x3, ao5
2025-03-26, IP1HsVjx9cg,       2m 42.68s, HSC,      bilal,              3x3x3x3, single
2025-03-26, IP1HsVjx9cg,       3m 00.38s, HSC,      bilal,              3x3x3x3, ao5
2025-03-30, EmWqNnGTvVU,       9m 47.69s, HSC,      void,               3x3x3x3, single
2025-04-01, IAPsjrtd6e0,   3h 35m 42.02s, MC7D,     nenri,              3x3x3x3x3, single
2025-04-10, TNyr22a0hJ8,          19.09s, HSC,      bilal,              2x2x2x2, ao5
2025-04-11, 04bvSu26Uhk,          18.81s, HSC,      bilal,              2x2x2x2, ao5
2025-04-11, rNAfIY5vQYw,      47m 46.86s, HSC,      nenri,              6x6x6x6, single
2025-04-12, ejzlUKKj3AI,      13m 36.15s, MT,       nenri,              klein_quartic, single
2025-04-15, JsGM31FT71g,       2m 45.41s, MC3D,     nenri,              3x3x3_1d, single
2025-04-15, l9JYidNiYZA,       5m 27.31s, HSC,      vin,                3x3x3x3, single
2025-04-16, 4zjSPuOxuwA,   2h 49m 21.55s, MC7D,     nenri,              3x3x3x3x3, single
2025-04-18, PosuMvTMp2A,       4m 52.60s, HSC,      vin,                3x3x3x3, single
2025-04-26, 8FHu-wN28eM,       9m 01.62s, HSC,      bruh,               3x3x3x3, single
2025-04-26, xGDdyeuNOtE,          25.40s, HSC,      nenri,              2x2x2x2, single
2025-04-26, zOJgQoQqcyA,       4m 26.19s, HSC,      nenri,              3x3x3x3, nf
2025-04-25, rq64gPludvo,  10h 48m 56.70s, MC7D+MKB, cubedude,           4x4x4x4x4, single
2025-04-27, B5fNCJx-G90,       1m 59.55s, MPU,      nenri,              2x2x2x3, single
2025-04-27, TaZowOhdGM0,       1m 59.18s, HSC,      josie,              3x3x3x3, single
2025-04-28, -UAlzaBvvCA,      25m 37.06s, HSC,      nenri,              5x5x5x5, single
2025-04-28, RHZCBqj6eFQ,       2m 12.41s, HSC,      josie,              3x3x3x3, ao5
2025-04-28, dhcCgtzbSS4,       1m 55.96s, HSC,      josie,              3x3x3x3, single
2025-04-28, 25UH9xUfvN8,       9m 42.03s, HSC,      nenri,              4x4x4x4, single
2025-04-28, NA9Cikhf_VE,       1m 54.05s, HSC,      josie,              3x3x3x3, single
2025-04-29, s6zMClx0xtw,       1m 48.18s, HSC,      hactar,             3x3x3x3, single
2025-04-29, c4pyg7G9JaA,       1m 46.92s, MC3D,     nenri,              3x3x3_1d, single
2025-04-29, izwzUmZM-Us,       1m 50.40s, HSC,      josie,              3x3x3x3, single
2025-04-29, nz2v5yhkHOs,          54.12s, HSC,      cubedude,           2x2x2x2, single
2025-04-29, kgsuBP4tL-Y,      12m 46.86s, HSC,      cubedude,           4x4x4x4, single
2025-04-29, pYVKoLN5uFM,      27m 51.24s, HSC,      cubedude,           5x5x5x5, single
2025-04-29, 9z9Wy_YtQY4,       3m 23.54s, MT,       cubedude,           hemimegaminx, single
2025-04-30, VmaJO6qDnyo,       1m 35.35s, MT,       nenri,              hemimegaminx, single
2025-04-29, p-Wry__xkR8,       7m 03.57s, HSC,      bruh,               3x3x3x3, single
2025-04-30, s7LEcQ7-7vs,      23m 44.13s, HSC,      nenri,              5x5x5x5, single
2025-05-01, v_1LIzFHqbA,       1m 53.77s, HSC,      nenri,              3x3x3x3, single
2025-05-03, mh6kZ2wPObY,      11m 54.12s, MT,       nenri,              klein_quartic, single
2025-05-01, BgEVzoj3UTI,       2m 06.87s, HSC,      nenri,              3x3x3x3, ao5
2025-05-04, t1dlpld6EiU,       1m 59.90s, HSC,      josie,              3x3x3x3, ao5
2025-05-04, QvK-41BhdfA,   1h 07m 05.83s, MC7D+MKB, cubedude,           3x3x3x3x3, single
2025-05-05, YX0B7lGmyT8,       1m 57.02s, HSC,      hactar,             3x3x3x3, ao5
2025-05-05, Rw2_iGCL8ho,       1m 49.62s, HSC,      josie,              3x3x3x3, single
2025-05-06, 4OUG0LfjIMA,      11m 20.93s, MT,       ysinx,              klein_quartic, single
2025-05-07, PN5go8jVSz0,      11m 14.19s, MT,       nenri,              klein_quartic, single
2025-05-07, FE0KOepEBw4,      10m 46.87s, MT,       ysinx,              klein_quartic, single
2025-05-08, xHM0jKucHP8,       9m 52.17s, HSC,      cali,               3x3x3x3, single
2025-05-08, K9Jp1HccBAc,       4m 55.81s, MT,       ysinx,              dyck_map, single
2025-05-09, 2MP4WYRlGlo,      44m 39.25s, HSC,      nenri,              6x6x6x6, single
2025-05-10, 4fNFN3ueq04,       8m 15.31s, HSC,      cali,               3x3x3x3, single
2025-05-11, nxcedOvMAow,          18.17s, HSC,      bilal,              2x2x2x2, ao5
2025-05-12, YYZOv4lbeFY,       3m 40.83s, HSC,      vin,                3x3x3x3, single
2025-05-06, pKikaaFfgvk,  18h 09m 51.86s, MC7D,     nenri,              3x3x3x3x3x3, single
2025-05-13, BdNd3H6ILxw,       4m 21.99s, HSC,      nenri,              3x3x3x3, nf
2025-05-14, BV5dDAwhIVg,       4m 15.84s, HSC,      nenri,              3x3x3x3, nf
2025-05-15, tK7WyQPpSac,      16m 02.95s, HSC,      bilal,              4x4x4x4, single
2025-05-15, uHNGt8fNo8,       14m 41.68s, HSC,      bilal,              4x4x4x4, single
2025-05-18, EwivEMEhMBY,      44m 11.93s, HSC,      nenri,              6x6x6x6, single
2025-05-21, pZjWv2f8BOg,       3m 08.26s, HSC,      vin,                3x3x3x3, single
2025-05-21, N-BuIewwzyI,   1h 59m 26.13s, MC7D,     nenri,              3x3x3x3x3, single
2025-05-23, 3JOrL5F23pw,       2m 02.84s, HSC,      nenri,              3x3x3x3, ao5
2025-05-23, 3JOrL5F23pw&t=285s, 1m 51.44s, HSC,     nenri,              3x3x3x3, single
2025-05-24, uEl-IvIQGJQ,       1m 57.89s, HSC,      nenri,              3x3x3x3, ao5
2025-05-24, uEl-IvIQGJQ&t=503s, 1m 50.85s, HSC,     nenri,              3x3x3x3, single
2025-05-18, 6_Ckxd2NXpU,      14m 12.67s, HSC,      bilal,              4x4x4x4, single
2025-05-25, qfHt7ui8vN4&t=409s, 1m 48.53s, HSC,     nenri,              3x3x3x3, single
2025-05-25, 1Ozi0ncGSyg,       1m 57.21s, HSC,      nenri,              3x3x3x3, ao5
2025-05-26, PlnJQ2Qo3xY,       1m 47.90s, HSC,      nenri,              3x3x3x3, single
2025-05-26, fGsCsUpa4J4,       4m 57.42s, HSC,      bruh,               3x3x3x3, single
2025-05-26, n7mw_kM4c-Q,       1m 55.50s, HSC,      nenri,              3x3x3x3, ao5
2025-05-26, GXST7mURJ4U,       1m 44.54s, HSC,      hactar,             3x3x3x3, single
2025-05-27, Wg_MGI8SyEE,      28m 00.37s, HSC,      void,               4x4x4x4, single
2025-05-31, wTZEFYNsp5A,   1h 25m 25.73s, HSC,      nenri,              7x7x7x7, single
2025-05-31, U8wyhlw1sFs,       2m 54.64s, HSC,      vin,                3x3x3x3, single
2025-06-01, LwiZPNybRDU,       1m 47.92s, HSC,      josie,              3x3x3x3, single
2025-06-03, IorDIV7YWtY,       9m 47.40s, MT,       ysinx,              klein_quartic, single
2025-06-03, XJ4A9n7NqLk,       1m 47.22s, HSC,      josie,              3x3x3x3, single
2025-06-04, NNdFurrVYF8,       1m 53.41s, HSC,      hactar,             3x3x3x3, ao5
2025-06-04, NNdFurrVYF8&t=746s, 1m 44.17s, HSC,     hactar,             3x3x3x3, single
2025-06-04, _Xl1O5-UdM0,       1m 43.25s, HSC,      hactar,             3x3x3x3, single
2025-06-05, IDnoaGsc4GQ,       4m 27.92s, HSC,      ysinx,              3x3x3x3, single
2025-06-10, y9C-LaWUlN8,       2m 40.01s, HSC,      vin,                3x3x3x3, single
2025-06-18, jRK7eCffib0,       2m 11.72s, -,        vigoprins,          phys_2x2x2x2, single
2025-06-18, vy8sYXA0jp0,       1m 54.56s, HSC,      josie,              3x3x3x3, ao5
2025-06-18, vy8sYXA0jp0,       1m 44.93s, HSC,      josie,              3x3x3x3, single
2025-06-19, 7FKRxmeGIf4,       1m 41.29s, HSC,      josie,              3x3x3x3, single
2025-06-20, iGJCgdLEcPs,       1m 50.76s, HSC,      hactar,             3x3x3x3, ao5
2025-06-20, iGJCgdLEcPs&t=476s, 1m 42.33s, HSC,     hactar,             3x3x3x3, single
2025-06-22, ut7lDcZ_fn0&t=131s, 1m 48.28s, HSC,     josie,              3x3x3x3, ao5
2025-06-22, ut7lDcZ_fn0,       1m 41.25s, HSC,      josie,              3x3x3x3, single
2025-06-22, olDrlcssYaM,       2m 10.35s, HSC,      edan,               3x3x3x3, single
2025-06-26, YbH0LhKhbZQ,      19m 09.28s, HSC,      minidog,            3x3x3x3, single
2025-06-26, cQz3EsLvLlk,      15m 31.06s, HSC,      minidog,            3x3x3x3, single
2025-06-26, RHdX3JN4gqw,       1m 45.61s, HSC,      hactar,             3x3x3x3, ao5
2025-06-26, AjOOox7SegY,       1m 37.48s, HSC,      hactar,             3x3x3x3, single
2025-06-28, zyOxrQquTJw,      14m 23.24s, HSC,      minidog,            3x3x3x3, single
2025-06-28, EUWfnoZWDsE,      11m 23.18s, HSC,      minidog,            3x3x3x3, single
2025-06-29, 3QG1H8aqx4A,      10m 01.17s, HSC,      minidog,            3x3x3x3, single
2025-07-03, OxPyBmSw9K8,      17m 21.99s, HSC,      messil,             3x3x3x3, single
2025-07-04, XT4QOHbeIlQ,       5m 40.34s, HSC,      jessica,            3x3x3x3, single
2025-07-05, yfUzNXTkHYg,       3m 40.87s, HSC,      ysinx,              3x3x3x3, single
2025-07-07, oe0YQgmoqtw,       2m 48.55s, HSC,      ysinx,              3x3x3x3, single
2025-07-09, fVy6d-OurTo,    1h 2m 55.67s, MC7D+MKB, jessica,          3x3x3x3x3, single
2025-07-06, KG-mfhcdOeU,      13m 36.31s, HSC,      messil,             3x3x3x3, single
2025-07-11, 68hRYI-Uwe0,      58m 21.23s, MC7D+MKB, jessica,          3x3x3x3x3, single
2025-07-13, OD6rtfRdVO0,       1m 39.17s, HSC,      josie,              3x3x3x3, single
2025-07-14, VEv16kKta_8,       6m 36.22s, HSC,      cali,               3x3x3x3, single
2025-07-18, WN3Z2hm2Zy0,      10m 15.40s, HSC,      messil,             3x3x3x3, single
2025-08-09, XOg_MXG62DU,       1m 36.91s, HSC,      josie,              3x3x3x3, single
2025-07-20, yQVakfqSlI4,       8m 51.46s, MT,       ysinx,        klein_quartic, single
2025-08-12, aAeQ1VTFoPE,       1m 34.59s, HSC,      josie,              3x3x3x3, single
2025-08-14, QClmUyzp1jk,       2m 48.69s, -,        grant,              phys_2x2x2x2, oh
2025-08-14, Z4JQuzVS-_w,       2m 24.14s, -,        grant,              phys_2x2x2x2, oh
2025-08-14, PZfff2QUxYw,      59m 01.99s, NM11C,    ysinx,              11_cell, single
2025-08-14, QmIGDZnc5G4,       2m 07.60s, HSC,      hana,               3x3x3x3, single
2025-08-15, wMHJJup4PjE,       1m 34.03s, HSC,      hactar,             3x3x3x3, single
2025-08-15, 79CJH0ZpbPc,       1m 42.70s, HSC,      hactar,             3x3x3x3, ao5
2025-08-15, bSKEt6oTAdg,      28m 39.93s, -,        cubedude,           phys_2x2x2x2, bld
2025-08-18, jMPBj2SMZBI,       2m 02.12s, -,        cubedude,           phys_2x2x2x2, oh
2025-08-19, yoltu1NDhkI,       3m 06.76s, MC3D,     grant,              3x3x3_1d, single
2025-08-19, 0nWAhdLP9io,       2m 54.99s, MC3D,     grant,              3x3x3_1d, single
2025-08-19, wwXdv80sB88,       2m 27.66s, MC3D,     grant,              3x3x3_1d, single
2025-08-20, uzJ5I7gO3wc,       2m 10.51s, MC3D,     grant,              3x3x3_1d, single
2025-08-20, BoMxB7H7w6Q,       1m 34.86s, MC3D,     grant,              3x3x3_1d, single
2025-08-19, 1t7hpRrB9u4,          38.33s, HSC,      josie,              2x2x2x2, single
2025-08-19, lF7Rd0eml5c,          33.09s, HSC,      josie,              2x2x2x2, single
2025-08-21, QTxmT5GGr08,          18.16s, HSC,      bilal,              2x2x2x2, ao5
2025-08-22, aL9OLrCR4oM,          32.22s, HSC,      josie,              2x2x2x2, single
2025-06-14, ZmUTz7Vbkcg,       4m 22.66s, HSC,      voytxt,             3x3x3x3, single
2025-09-01, MmbGSEDA4-g,  10h 58m 21.59s, MC7D+MKB, cubedude,       3x3x3x3x3x3, single
2025-09-02, jGPPXNk6vSk,      55m 29.21s, MC7D-KB,  cubedude,         3x3x3x3x3, single
2025-09-04, DlwQFjM-2P8,      14m 58.94s, MC7D-KB,  cubedude,         2x2x2x2x2, single
2025-09-05, F9HQmsFFVo8,      26m 33.62s, MC7D-KB,  bilal,            2x2x2x2x2, single
2025-09-05, U-T2Qiual-o,      20m 29.88s, MC7D-KB,  rowan,            2x2x2x2x2, single
2025-09-05, ClFsYRW1cww,      16m 38.98s, MC7D-KB,  rowan,            2x2x2x2x2, single
2025-09-05, kimSAtdENmk,      14m 04.78s, MC7D-KB,  rowan,            2x2x2x2x2, single
2025-09-05, aBiiigIcEro,      14m 59.47s, MC7D-KB,  bilal,            2x2x2x2x2, single
2025-09-06, 2KmiDtKk4ks,   1h 27m 51.43s, MC7D-KB,  rowan,            3x3x3x3x3, single
2025-09-08, YWB5TAPDdWo,       7m 42.72s, MC7D-KB,  rowan,            2x2x2x2x2, single
2025-09-09, ntUSvbaPMac,      58m 47.79s, MC7D-KB,  rowan,            3x3x3x3x3, single
2025-09-09, v5K0IHSFyYg,       9m 50.06s, MC7D-KB,  bilal,            2x2x2x2x2, single
2025-09-10, 751ifUpCf88,       1m 44.48s, HSC,      josie,              3x3x3x3, ao5
2025-09-11, Gfqq_Fg7-Sc,       7m 20.42s, HSC,      emca,               3x3x3x3, single
2025-09-11, C07GTERok8Q,       6m 22.83s, MC7D-KB,  bilal,            2x2x2x2x2, single
2025-09-12, 3gZsDZdKpdM,       5m 31.96s, MC7D-KB,  bilal,            2x2x2x2x2, single
2025-09-05, FgdFCUylph0,      10m 02.97s, MC7D-KB,  cubedude,         2x2x2x2x2, single
2025-09-05, c39eEyeY4E4,       7m 38.64s, MC7D-KB,  cubedude,         2x2x2x2x2, single
2025-09-06, 6FNIDAJmmGA,       7m 28.08s, MC7D-KB,  cubedude,         2x2x2x2x2, single
2025-09-06, BfIwWYx4DYE,       5m 54.08s, MC7D-KB,  cubedude,         2x2x2x2x2, single
2025-09-06, ldKA6fb-c_c,       5m 33.77s, MC7D-KB,  cubedude,         2x2x2x2x2, single
2025-09-07, pWyE1_GHGwQ,       5m 31.92s, MC7D-KB,  cubedude,         2x2x2x2x2, single
2025-09-07, 8M1TLl3KU3c,       5m 30.45s, MC7D-KB,  cubedude,         2x2x2x2x2, single
2025-09-07, Z08XfGLqBxc,       5m 28.30s, MC7D-KB,  cubedude,         2x2x2x2x2, single
2025-09-07, -R-w9Nk9z_Q,       4m 56.93s, MC7D-KB,  cubedude,         2x2x2x2x2, single
2025-09-09, RXCT-TgHMGM,       4m 35.11s, MC7D-KB,  cubedude,         2x2x2x2x2, single
2025-09-11, eOwWpqthrhg,       4m 17.07s, MC7D-KB,  cubedude,         2x2x2x2x2, single
2025-09-11, caeXczKxCLw,       4m 06.77s, MC7D-KB,  cubedude,         2x2x2x2x2, single
2025-08-29, vAROn497b4s,          54.92s, MPU,      nenri,              1x3x3x3, single
2025-09-08, 0uOheqacJXg,      32m 37.64s, MC7D-KB,  cubedude,         3x3x3x3x3, single
2025-09-16, Rc6ClykAsuA,      46m 48.49s, MC7D-KB,  nenri,            3x3x3x3x3, single
2025-09-16, U1RJfI5w7Sw,      31m 23.74s, MC7D-KB,  cubedude,         3x3x3x3x3, single
2025-09-17, dIfJTUw3SYU,       6m 08.10s, HSC,      emca,               3x3x3x3, single
